{
  "hero": {
    "title": "عقار الصح... في المكان الصح",
    "subtitle": "من قلب المحلة الكبرى\nفرص عقارية حقيقية\nبعقل السوق... مش إعلانات",
    "cta": {
      "text": "تواصل عبر واتساب",
      "href": "https://wa.me/201011244308"
    }
  },
  "valueProposition": {
    "title": "ليه غنّام للعقارات؟",
    "content": "السوق هنا معروف.\nوالفرص مش بتتكرر كتير.\nعشان كده بنرشّح الصح،\nونتكلم بصراحة."
  },
  "services": {
    "title": "خدماتنا",
    "items": [
      {
        "id": "buy-sell",
        "title": "بيع وشراء",
        "description": "عقارات للبيع والشراء في أفضل المواقع",
        "icon": "home"
      },
      {
        "id": "consultation",
        "title": "استشارات",
        "description": "نصائح محترفة من خبراء السوق المحلي",
        "icon": "document"
      },
      {
        "id": "personal-service",
        "title": "متابعة شخصية",
        "description": "خدمة مخصصة لكل عميل",
        "icon": "users"
      }
    ]
  },
  "cta": {
    "title": "مستعد تبدأ؟",
    "subtitle": "تواصل معنا الآن واحصل على استشارة مجانية",
    "button": {
      "text": "تواصل عبر واتساب",
      "href": "https://wa.me/201011244308"
    }
  }
}
