[
  {
    "slug": "about",
    "title": "من نحن",
    "description": "تعرف على غنّام للعقارات",
    "sections": [
      {
        "type": "story",
        "title": "قصتنا",
        "content": "غنّام للعقارات مش مجرد مكتب عقاري عادي.\n\nنحن من المحلة الكبرى، وعارفين السوق من جوا. كل حي، كل شارع، كل فرصة – بنعرفها لأننا هنا.\n\nمش بنبيع أحلام. بنقدم عقارات حقيقية، بأسعار السوق، وبصراحة كاملة. لو المكان مش مناسب ليك، هنقولك. لو السعر مش منطقي، هنناقشه معاك.\n\nالهدف مش المبيعات. الهدف إنك تلاقي المكان اللي يناسبك فعلاً."
      },
      {
        "type": "values",
        "title": "قيمنا",
        "items": [
          {
            "title": "الصراحة",
            "description": "بنقولك الحقيقة. لو في مشكلة في العقار، لو السعر عالي، لو المكان مش مناسب – هنقولك. الثقة أهم من البيع."
          },
          {
            "title": "الخبرة المحلية",
            "description": "معرفتنا بالسوق هنا مش من الإنترنت. من الشارع، من التجربة، من سنوات من العمل في المحلة الكبرى."
          },
          {
            "title": "الخدمة الشخصية",
            "description": "كل عميل قصة مختلفة. بناخد وقتنا نفهم احتياجاتك، ونرشحلك اللي يناسبك فعلاً."
          },
          {
            "title": "الشفافية",
            "description": "كل معلومة واضحة. الأسعار، التفاصيل، الالتزامات – كل حاجة مكتوبة ومفهومة من الأول."
          }
        ]
      },
      {
        "type": "approach",
        "title": "طريقتنا",
        "content": "بنشتغل بطريقة بسيطة:\n\n• بنسمعك الأول – احتياجاتك، ميزانيتك، أولوياتك\n• بنرشحلك عقارات مناسبة فعلاً – مش كل اللي موجود\n• بنشرحلك كل التفاصيل – المميزات والعيوب\n• بنساعدك تتخذ القرار الصح – بدون ضغط\n• بنتابع معاك لحد ما تبقى راضي\n\nمش معقد. بس محترف."
      }
    ],
    "seo": {
      "title": "من نحن - غنّام للعقارات",
      "description": "تعرف على غنّام للعقارات – خبرة محلية، صراحة، وخدمة شخصية في المحلة الكبرى"
    }
  }
]
