[
  {
    "id": "prop-001",
    "slug": "شقة-للبيع-المحلة-الكبرى-120م",
    "title": "شقة للبيع في المحلة الكبرى - 120 متر",
    "type": "apartment",
    "status": "available",
    "price": 500000,
    "currency": "EGP",
    "location": {
      "city": "المحلة الكبرى",
      "district": "الحي الأول",
      "address": "شارع الجلاء"
    },
    "specs": {
      "size": 120,
      "sizeUnit": "متر مربع",
      "rooms": 3,
      "bathrooms": 2,
      "floor": 3,
      "totalFloors": 5,
      "age": 5,
      "furnished": false
    },
    "description": "شقة ممتازة في موقع متميز، تشطيب سوبر لوكس، جميع المرافق متوفرة. الشقة في حالة ممتازة وجاهزة للسكن.",
    "features": ["شرفة", "مصعد", "جراج", "نظام أمن"],
    "images": [
      {
        "url": "/images/properties/prop-001-1.jpg",
        "alt": "صالة الاستقبال",
        "order": 1
      },
      {
        "url": "/images/properties/prop-001-2.jpg",
        "alt": "غرفة النوم الرئيسية",
        "order": 2
      }
    ],
    "whatsapp": "201011244308",
    "published": true,
    "featured": false,
    "createdAt": "2024-01-15",
    "updatedAt": "2024-01-20",
    "seo": {
      "title": "شقة للبيع في المحلة الكبرى - 500,000 جنيه",
      "description": "شقة 120 متر، 3 غرف، 2 حمام، تشطيب سوبر لوكس في الحي الأول - المحلة الكبرى"
    }
  },
  {
    "id": "prop-002",
    "slug": "فيلا-للبيع-المحلة-الكبرى-200م",
    "title": "فيلا للبيع في المحلة الكبرى - 200 متر",
    "type": "villa",
    "status": "available",
    "price": 1200000,
    "currency": "EGP",
    "location": {
      "city": "المحلة الكبرى",
      "district": "الحي الثاني",
      "address": "شارع النصر"
    },
    "specs": {
      "size": 200,
      "sizeUnit": "متر مربع",
      "rooms": 4,
      "bathrooms": 3,
      "floor": 2,
      "totalFloors": 2,
      "age": 3,
      "furnished": false
    },
    "description": "فيلا مستقلة على دورين، حديقة خاصة، موقف سيارات. تشطيب فاخر وموقع ممتاز.",
    "features": ["حديقة", "موقف سيارات", "سور خاص", "نظام أمن"],
    "images": [
      {
        "url": "/images/properties/prop-002-1.jpg",
        "alt": "واجهة الفيلا",
        "order": 1
      }
    ],
    "whatsapp": "201011244308",
    "published": true,
    "featured": true,
    "createdAt": "2024-01-10",
    "updatedAt": "2024-01-18",
    "seo": {
      "title": "فيلا للبيع في المحلة الكبرى - 1,200,000 جنيه",
      "description": "فيلا 200 متر، 4 غرف، 3 حمام، حديقة خاصة في الحي الثاني - المحلة الكبرى"
    }
  }
]
